<listadoConsumos>
    <consumo nitCliente="32644-5" idInstancia="2">
        <tiempo>6.2</tiempo>
        <fechaHora>15/06/2005 08:30</fechaHora>
    </consumo>
    <consumo nitCliente="32644-5" idInstancia="2">
        <tiempo>1</tiempo>
        <fechaHora>19/07/2004 15:14</fechaHora>
    </consumo>
    <consumo nitCliente="32644-5" idInstancia="2">
        <tiempo>18.5</tiempo>
        <fechaHora>14/08/2003 12:45</fechaHora>
    </consumo>
    <consumo nitCliente="32644-5" idInstancia="2">
        <tiempo>5.7</tiempo>
        <fechaHora>03/05/2008 09:00</fechaHora>
    </consumo>
    <consumo nitCliente="32644-5" idInstancia="2">
        <tiempo>9.2</tiempo>
        <fechaHora>21/11/2005 20:16</fechaHora>
    </consumo>
</listadoConsumos>
