<?xml version="1.0" encoding="UTF-8"?>
<listadoConsumos>
    <!-- Cliente 733849, Primera instancia -->
    <consumo nitCliente="73384-9" idInstancia="1">
        <tiempo>15.2</tiempo>
        <fechaHora>15/01/2023 10:00</fechaHora>
    </consumo>
    <consumo nitCliente="73384-9" idInstancia="1">
        <tiempo>5.57</tiempo>
        <fechaHora>20/01/2023 16:30</fechaHora>
    </consumo>

    <!-- Cliente 9929290, Servidor Render Claro -->
    <consumo nitCliente="992929-0" idInstancia="3">
        <tiempo>5.0</tiempo>
        <fechaHora>01/04/2023 08:00</fechaHora>
    </consumo>
    <consumo nitCliente="992929-0" idInstancia="3">
        <tiempo>2.56</tiempo>
        <fechaHora>05/04/2023 12:45</fechaHora>
    </consumo>

    <!-- Cliente 9929290, Diseño Gráfico Profesional -->
    <consumo nitCliente="992929-0" idInstancia="4">
        <tiempo>5.3</tiempo>
        <fechaHora>10/06/2023 14:15</fechaHora>
    </consumo>
    <consumo nitCliente="992929-0" idInstancia="4">
        <tiempo>4.0</tiempo>
        <fechaHora>12/06/2023 09:30</fechaHora>
    </consumo>

    <!-- Cliente 321052, Servidor SQL Empresarial -->
    <consumo nitCliente="32105-2" idInstancia="5">
        <tiempo>10.0</tiempo>
        <fechaHora>15/02/2023 11:00</fechaHora>
    </consumo>
    <consumo nitCliente="32105-2" idInstancia="5">
        <tiempo>5.28</tiempo>
        <fechaHora>18/02/2023 17:45</fechaHora>
    </consumo>

    <!-- Cliente 321052, Aplicaciones Web Corporativas -->
    <consumo nitCliente="32105-2" idInstancia="6">
        <tiempo>5.9</tiempo>
        <fechaHora>20/03/2023 13:00</fechaHora>
    </consumo>
    <consumo nitCliente="32105-2" idInstancia="6">
        <tiempo>7.0</tiempo>
        <fechaHora>22/03/2023 15:30</fechaHora>
    </consumo>
</listadoConsumos>